date;anon_Ip;game;lang
Thr Apr 13 2024 14:40:52 GMT+0000 (Coordinated Universal Time);2.250.170.0;djvelleman/stg4;en
Thr Apr 13 2024 14:40:52 GMT+0000 (Coordinated Universal Time);2.250.170.0;djvelleman/stg4;en
Thr Apr 13 2024 14:40:52 GMT+0000 (Coordinated Universal Time);2.250.170.0;djvelleman/stg4;en
Thr Apr 13 2024 14:40:52 GMT+0000 (Coordinated Universal Time);2.250.170.0;djvelleman/stg4;en
Sat Jun 15 2024 16:52:41 GMT+0000 (Coordinated Universal Time);3.20.5.0;leanprover-community/nng4;en
Sat Jun 15 2024 16:52:41 GMT+0000 (Coordinated Universal Time);3.20.5.0;leanprover-community/nng4;en
Wed Mar 12 2024 13:30:52 GMT+0000 (Coordinated Universal Time);2.250.170.0;hhu-adam/robo;en
Wed Mar 12 2024 13:30:52 GMT+0000 (Coordinated Universal Time);2.250.170.0;hhu-adam/robo;en
Wed Mar 12 2024 13:30:52 GMT+0000 (Coordinated Universal Time);2.250.170.0;hhu-adam/robo;en
Wed Mar 12 2024 13:30:52 GMT+0000 (Coordinated Universal Time);2.250.170.0;hhu-adam/robo;en
Wed Mar 12 2024 13:30:52 GMT+0000 (Coordinated Universal Time);2.250.170.0;hhu-adam/robo;en
Mon Jan 10 2024 11:10:59 GMT+0000 (Coordinated Universal Time);1.40.130.0;leanprover-community/nng4;en
Mon Jan 10 2024 11:10:59 GMT+0000 (Coordinated Universal Time);1.40.130.0;leanprover-community/nng4;en
Mon Jan 10 2024 11:10:59 GMT+0000 (Coordinated Universal Time);1.40.130.0;leanprover-community/nng4;en
Mon Jan 10 2024 11:10:59 GMT+0000 (Coordinated Universal Time);1.40.130.0;leanprover-community/nng4;en
Mon Jan 10 2024 11:10:59 GMT+0000 (Coordinated Universal Time);1.40.130.0;leanprover-community/nng4;en
Mon Jan 10 2024 11:10:59 GMT+0000 (Coordinated Universal Time);1.40.130.0;leanprover-community/nng4;en
Mon Jan 10 2024 11:10:59 GMT+0000 (Coordinated Universal Time);1.40.130.0;leanprover-community/nng4;en
Tue Feb 11 2024 12:20:52 GMT+0000 (Coordinated Universal Time);2.250.170.0;leanprover-community/nng4;en
Tue Feb 11 2024 12:20:52 GMT+0000 (Coordinated Universal Time);2.250.170.0;leanprover-community/nng4;en
Tue Feb 11 2024 12:20:52 GMT+0000 (Coordinated Universal Time);2.250.170.0;leanprover-community/nng4;en
Tue Feb 11 2024 12:20:52 GMT+0000 (Coordinated Universal Time);2.250.170.0;leanprover-community/nng4;en
Tue Feb 11 2024 12:20:52 GMT+0000 (Coordinated Universal Time);2.250.170.0;leanprover-community/nng4;en
Tue Feb 11 2024 12:20:52 GMT+0000 (Coordinated Universal Time);2.250.170.0;leanprover-community/nng4;en
Fri May 14 2024 15:50:52 GMT+0000 (Coordinated Universal Time);2.250.170.0;trequetrum/lean4game-logic;en
Fri May 14 2024 15:50:52 GMT+0000 (Coordinated Universal Time);2.250.170.0;trequetrum/lean4game-logic;en
Fri May 14 2024 15:50:52 GMT+0000 (Coordinated Universal Time);2.250.170.0;trequetrum/lean4game-logic;en
Sun Jul 16 2024 17:57:48 GMT+0000 (Coordinated Universal Time);4.25.1.0;leanprover-community/nng4;en
