anon-ip;game;n
1.40.130.0;leanprover-community/nng4;7
2.250.170.0;leanprover-community/nng4;6
2.250.170.0;hhu-adam/robo;5
2.250.170.0;djvelleman/stg4;4
2.250.170.0;trequetrum/lean4game-logic;3
3.20.5.0;leanprover-community/nng4;2
